codigo,descripcion
A02-011,Explotación extensiva de ganado bovino
A05-011,Doctores y Licenciados en Ciencias Biológicas
A04-011,Directores de cine y teatro
A02-012,Explotación intensiva de ganado bovino de leche
A05-012,Ingenieros Agrónomos y de Montes
A04-012,Ayudantes de dirección
A02-013,Explotación intensiva de ganado bovino de cebo
A05-013,Veterinarios
A04-013,Actores de cine y teatro
A04-014,"Extras especializados, dobles, comparsas y meritorios"
A04-015,"Operadores de cámaras de cine, de television y video"
A04-016,"Humoristas, caricatos, excentricos, charlistas, recitadores, ilusionistas, etc."
A04-017,Apuntadores y regidores
A04-018,Artistas de circo
A04-019,"Otras actividades relacionadas con el cine,  el teatro y el circo, no clasificadas en otras partes"
A02-021,Explotación extensiva de ganado ovino
A05-021,"Técnicos en Biología, Agronomía y Silvicultura"
A04-021,Directores coreográficos
A02-022,Explotación intensiva de ganado ovino de cría
A05-022,Ingenieros Técnicos Agrícolas  e Ingenieros Técnicos Forestales
A04-022,Bailarines
A02-023,Explotación intensiva de ganado ovino de cebo
A05-023,Ingenieros Técnicos Topógrafos
A02-024,Explotación de ganado caprino
A05-024,"Auxiliares y Ayudantes en Veterinaria (Sexadores de pollos, Castradores,etc.)."
A04-029,"Otras actividades relacionadas con el baile,  no clasificadas en otras partes"
A02-031,Explotación extensiva de ganado porcino
A04-031,Maestros y Directores de música
A02-032,Explotación intensiva de ganado porcino de cría
A04-032,Intérpretes de instrumentos musicales
A02-033,Explotación intensiva de ganado porcino de cebo
A04-033,Cantantes
A04-034,"Compositores, letristas, arreglistas y adaptadores musicales"
A04-039,"Otras actividades relacionadas con la  música,  no clasificadas en otras partes"
A04-041,Jugadores y entrenadores de futbol
A04-042,"Jugadores, entrenadores y preparadores de tenis y  de golf"
A04-043,"Pilotos, entrenadores y preparadores de  motociclismo y automovilismo"
A04-044,"Boxeadores, entrenadores y preparadores de boxeo"
A04-045,"Jugadores, entrenadores y preparadores de baloncesto"
A04-046,"Corredores, entrenadores y preparadores de ciclismo"
A04-047,"Jugadores, entrenadores y preparadores de balonmano, voleibol, pelota y otros deportistas de la hipica, lucha, etc."
A04-048,Árbitros de espectáculos deportivos
A04-049,"Otras actividades relacionadas con el deporte, no clasificadas en otras partes"
A02-051,Cunicultura
A04-051,Matadores de toros
A04-052,Rejoneadores
A04-053,Subalternos
A04-054,Jefes de cuadrillas cómicas y similares
A04-055,Otro personal cuadrillas cómicas y similares
A04-059,"Otras actividades relacionadas con espectáculos taurinos,  no clasificados en otras partes"
A02-061,"Explotaciones de ganado caballar, mular y asnal"
A02-062,Apicultura
A02-069,Otras explotaciones ganaderas
A02-071,Explotaciones mixtas
A05-099,"Otro profesionales relacionados con la agricultura, ganadería, caza, silvicultura y pesca no clasificados en otras partes"
A05-111,"Doctores y Licenciados en Ciencias  Físicas, en Ciencias Geofísicas y en Ciencias Geológicas, Ingenieros de Minas."
A05-112,Ingenieros de Minas
A03-114,Fabricación de coque
A05-121,Doctores y Licenciados en Ciencias Químicas
A03-124,Extracción de pizarras bituminosas
A03-130,Refino de petróleo
A05-131,"Ingenieros Técnicos de Minas,  Facultativos y Peritos"
A03-141,Extracción y preparación de minerales radiactivos
A03-142,Preparación de minerales radiactivos en factoría independiente o fuera del perímetro de la concesión o explotación minera
A03-152,"Fabricación, distribución y comercialización de gas"
A03-153,Producción y distribución de vapor y agua caliente
A03-162,Fabricación de hielo para la venta
A05-199,"Otros profesionales relacionados con las actividades propias de la  energía, agua,  minería e industria química no clasificados en otras partes"
A05-211,Ingenieros Aeronáuticos
A05-212,Ingenieros Navales
A05-213,Ingenieros de Telecomunicación
A05-214,"Ingenieros de Armamento y Construcción, de Armas Navales y Electromecánicos del ICAI."
A03-221,Siderurgia integral
A05-221,"Ingenieros Técnicos Aeronáuticos, Ayudantes y Peritos"
A03-222,Siderurgia no integral
A05-222,"Ingenieros Técnicos de Telecomunicación, Ayudantes y Peritos"
A03-223,Fabricación de tubos de acero
A05-223,"Ayudantes de Ingenieros de Armamento y Construcción, de Armas Navales e Ingenieros técnicos Electromecánicos de ICAI"
A03-224,"Trefilado, estirado, perfilado y laminado en frio del acero"
A05-224,Dibujantes técnicos
A05-225,Técnicos en Telecomunicación
A05-226,Técnicos en Sonido
A05-227,Técnicos en Iluminación
A05-228,"Ingenieros Técnicos Navales, Ayudantes y Peritos"
A03-234,Extracción de piritas y azufre
A03-241,Fabricación de productos de tierras cocidas para la construcción (excepto artículos refractarios).
A03-244,Industrias de la piedra natural
A03-245,Fabricación de abrasivos
A03-249,Industria otros productos minerales no metálicos no clasificados en otras partes
A05-299,"Otros profesionales relacionados con las industrias de la aeronáutica, de la telecomunicación y de la  mecánica de precisión no clasificados en otras partes"
A05-311,Ingenieros Industriales y Textiles
A03-312,"Forja, estampado, embutición, troquelado, corte y repulsado"
A03-313,Tratamiento y recubrimiento de los metales
A03-315,Construcción de grandes depósitos y calderería gruesa
A05-321,"Ingenieros Técnicos Industriales y Textiles, Ayudantes y Peritos"
A05-322,Técnicos en Artes Graficas
A03-330,Construcción de máquinas de oficina y ordenadores (incluida su instalación).
A03-341,Fabricación de hilos y cables eléctricos
A03-342,Fabricación de material eléctrico de utilización y equipamiento
A03-343,Fabricación de pilas y acumuladores
A03-344,"Fabricación de contadores y aparatos de medida, control y verificación eléctricos."
A03-345,Fabricación de aparatos electrodomésticos
A03-346,Fabricación de lámparas y material de alumbrado.
A03-352,Fabricación de aparatos y equipo electromédico y de uso profesional y científico
A03-353,"Fabricación de aparatos y equipo electrónico de señalización, control y programación"
A03-354,Fabricación de componentes electrónicos y circuitos integrados
A03-361,Construcción y montaje de vehículos automóviles y sus motores
A03-362,"Construcción de carrocerías, remolques y volquetes"
A03-363,"Fabricación de equipo, componentes, accesorios y piezas de repuesto para vehículos automóviles."
A03-371,Construcción naval
A03-372,Reparación y mantenimiento de buques
A03-381,"Construcción, reparación y mantenimiento de material ferroviario"
A03-382,"Construcción, reparación y mantenimiento de aeronaves"
A03-383,"Construcción de bicicletas, motocicletas y sus piezas de repuesto."
A03-389,Construcción de otro material transporte no clasificado en otras partes.
A03-391,"Fabricación de instrumentos de precisión, medida y control"
A03-399,Fabricación de relojes y otros instrumentos no clasificados en otras partes
A05-399,Otros profesionales relacionados con otras industrias manufactureras no clasificados en otras partes
A05-411,Arquitectos
A05-412,"Ingenieros de Caminos, Canales y Puertos"
A03-415,Fabricación de jugos y conservas vegetales
A03-416,Fabricación de conservas de pescado y otros productos marinos
A03-420,Industria del azúcar
A05-421,Arquitectos Técnicos y Aparejadores
A05-422,"Ingenieros Técnicos de Obras Publicas, Ayudantes y Peritos"
A03-426,Sidrerías
A03-427,Fabricación de cerveza y malta cervecera
A05-431,Delineantes
A05-432,Decoradores diseñadores de interiores
A03-433,Industria de la seda natural y sus mezclas y de las fibras artificiales y sintéticas
A03-434,Industria de las fibras duras y sus mezclas
A03-436,Acabado de textiles
A03-441,Curticion y acabado de cueros y pieles
A05-441,Técnicos Superiores en Desarrollo de Proyectos Urbanísticos y Operaciones Topográficas
A03-451,Fabricación en serie de calzado (excepto el de caucho y madera)
A05-451,Ingenieros en geodesia y cartografía
A03-452,Fabricación de calzado de artesanía y a medida ( incluido el calzado ortopédico)
A03-453,Confección en serie de toda clase de prendas de vestir y sus complementos
A03-454,Confección a medida de prendas de vestir y sus complementos
A03-461,"Aserrado y preparación industrial de la madera (aserrado, cepillado, pulido, lavado, etc.)."
A03-463,"Fabricación en serie de piezas de carpintería, parquet y estructuras de madera para la construcción"
A03-464,Fabricación de envases y embalajes de madera.
A03-465,Fabricación de objetos diversos de madera (excepto muebles).
A03-466,Fabricación de productos de corcho
A03-467,"Fabricación de artículos de junco y caña,  cestería, brochas, cepillos, etc. (excepto muebles)."
A03-471,Fabricación de pasta papelera
A03-472,Fabricación de papel y cartón
A03-474,Artes graficas (impresión grafica).
A03-475,Actividades anexas a las artes graficas
A03-492,Fabricación de instrumentos de música
A03-493,Laboratorios fotográficos y cinematográficos
A05-499,Otros profesionales relacionados con la construcción no clasificados en otras partes
A03-507,"Construcción, reparación y conservación de toda clase de obras"
A03-508,Agrupaciones y uniones temporales de empresas
A05-511,Agentes Comerciales
A05-521,Técnicos en hostelería
A05-599,Otros profesionales relacionados con el comercio y la hostelería  no clasificados en otras partes
A03-611,Comercio al por mayor de toda clase de mercancías especificadas en los grupos 612 al 617 y 619
A05-611,Agentes de ferrocarriles
A05-612,Conductores de vehículos terrestres
A03-621,Comercio al por mayor de chatarra y metales de desecho férreos y no férreos.
A03-622,Comercio al por mayor de otros productos de recuperación.
A03-623,Recuperación y comercio de residuos fuera de establecimiento permanente
A03-631,Intermediarios del comercio
A03-641,"Comercio al por menor de frutas, verduras, hortalizas y tubérculos."
A03-645,Comercio al por menor de vinos y bebidas de todas clases.
A03-656,"Comercio al por menor de bienes usados tales como muebles, prendas y enseres ordinarios de uso domestico."
A03-657,"Comercio al por menor de instrumentos musicales, así como de sus accesorios."
A03-665,Comercio al por menor por correo o por catalogo de productos diversos.
A03-675,"Servicios en quioscos, cajones, barracas u otros locales análogos, situados en mercados o plazas de abastos, al aire libre en la vía publica o jardines."
A03-676,"Servicio de chocolaterías, heladerías y horchaterías."
A03-681,Servicio de hospedaje en hoteles y moteles.
A03-682,Servicio de hospedaje en hostales y pensiones.
A03-683,Servicio de hospedaje en fondas y casas de huéspedes.
A03-684,Servicio de hospedaje en hoteles-apartamentos.
A03-685,Alojamientos turísticos extrahoteleros
A03-686,Explotación de apartamentos privados a través de agencia o empresa organizada.
A03-692,Reparación de maquinaria industrial
A03-699,Otras reparaciones no clasificados en otras partes
A05-699,Otros profesionales relacionados con el transporte y las telecomunicaciones no clasificados en otras partes
A03-711,Transporte ferroviario por vía normal
A05-711,Actuarios de seguros
A03-712,Transporte ferroviario por vía estrecha
A05-712,Agentes y corredores de seguros
A05-721,Agentes colegiados de propiedad industrial e inmobiliaria
A03-722,Transporte de mercancías por carretera
A05-722,Gestores administrativos
A05-723,Administradores de fincas
A05-724,Intermediarios en la promoción de edificaciones
A05-725,Habilitados de Clases Pasivas
A05-726,Graduados Sociales
A05-727,Agentes o intermediarios en facilitar préstamos
A05-728,Agentes de aduanas
A03-729,Otros transportes terrestres no clasificados en otras partes
A05-731,Abogados
A03-732,Transporte marítimo de crudos y gases
A05-732,Procuradores
A05-733,Notarios
A05-734,Registradores
A05-741,Economistas
A05-742,Intendentes y profesores mercantiles
A05-743,Peritos Mercantiles
A05-744,Diplomados en Ciencias Empresariales
A05-746,Corredores de comercio libres
A05-747,Auditores de cuentas y Censores jurados de cuentas.
A05-748,Administradores de la cartera de valores
A05-749,Corredores intérpretes y Corredores marítimos
A05-751,"Profesionales de la Publicidad, relaciones publicas y similares."
A03-755,Agencias de viajes
A03-756,Actividades auxiliares y complementarias del transporte (intermediarios del transporte)
A03-757,Servicio de mudanzas
A05-761,Doctores y licenciados ciencias exactas y estadísticas
A05-762,"Doctores, licenciados e ingenieros informáticos"
A05-763,Programadores y Analistas de Informática
A05-764,Diplomados en Informática
A05-765,"Grabadores, Informáticos y otros profesionales auxiliares del tratamiento electrónico de datos"
A03-769,Otros servicios de telecomunicación
A05-771,"Agentes cobradores de facturas, de efectos comerciales, de préstamos y derechos de todas clases"
A05-772,"Estenotipistas, Mecanógrafos, Taquígrafos y otros profesionales administrativos"
A05-773,"Detectives privados y  profesionales que prestan servicios de vigilancia, protección y seguridad"
A05-774,Traductores e Intérpretes
A05-775,Doctores y Licenciados en Filosofía y Letras.
A05-776,"Doctores y Licenciados en Ciencias Políticas y Sociales, Psicólogos, Antropólogos, Historiadores y similares"
A05-777,Especialistas en asuntos de personal y orientación y análisis profesional
A05-778,Diplomados en Biblioteconomía y Documentación
A05-799,"Otros profesionales relacionados con las actividades financieras, jurídicas, de seguros y de alquileres no clasificados en otras partes"
A03-811,Banca
A05-811,Profesionales que prestan servicios de limpieza
A03-812,Cajas de ahorro
A03-821,Entidades aseguradores de vida y capitalización
A05-821,Personal docente Enseñanza Superior
A03-822,Entidades aseguradoras de enfermedad y riesgos diversos
A05-822,Personal docente Enseñanza Media
A03-823,"Otras entidades aseguradoras, montepíos, cajas de pensiones, etc."
A05-823,Personal docente de Enseñanza General Básica y Preescolar
A05-824,Profesores formación y perfeccionamiento profesional
A05-825,"Profesores de  conducción de vehículos terrestres, acuáticos, aeronáuticos, etc"
A05-826,"Personal docente de enseñanzas diversas, tales como Educación Física y Deportes, Idiomas, Mecanografía, preparación de exámenes y oposiciones y similares"
A05-831,Médicos medicina general
A05-832,Médicos especialistas excluidos estomatólogos y odontólogos
A05-833,Estomatólogos
A03-834,Servicios relativos a la propiedad inmobiliaria y a la propiedad industrial
A05-834,Odontólogos
A05-835,Farmacéuticos
A05-836,Ayudantes Técnicos Sanitarios y fisioterapeutas
A05-837,Protésicos e higienistas dentales
A05-838,Ópticos optometristas y podólogos
A05-839,"Masajistas, bromatólogos, dietistas, y auxiliares enfermería"
A03-841,Servicios jurídicos
A05-841,"Naturópata, acupuntores  y otros profesionales parasanitarios"
A03-842,Servicios financieros y contables
A03-844,"Servicios de publicidad, relaciones públicas y similares"
A03-845,Explotación electrónica por cuenta de terceros
A03-846,Empresas de estudio de mercado
A03-847,Servicios integrales de Correos y Telecomunicaciones
A03-848,"Servicios de oficina flexible, ‘‘coworking’’ y centros de negocios"
A03-851,Alquiler de maquinaria y equipo agrícola
A05-851,Representantes técnicos del espectáculo
A03-852,Alquiler de maquinaria y equipo para la construcción
A05-852,Apoderados y representantes taurinos
A03-853,Alquiler de maquinaria y equipo contable de oficina y cálculo electrónico
A05-853,Agentes de colocación de artistas
A05-854,"Expertos en organización de congresos, asambleas y similares"
A05-855,Agentes y corredores de apuestas en los espectáculos
A03-859,Alquiler otros bienes muebles no clasificados en otras partes (sin personal permanente)
A05-861,"Pintores, Escultores, Ceramistas, Artesanos, Grabadores, Artistas Falleros y artistas similares"
A03-862,Alquiler de bienes inmuebles de naturaleza rústica
A05-862,Restauradores de obras de arte
A05-863,Periodistas y otros profesionales de la información y la comunicación
A05-864,Escritores y guionistas
A05-869,Otros profesionales relacionados con las actividades artísticas y culturales no clasificadas en la sección tercera
A05-871,"Expendedores oficiales de loterías, apuestas deportivas y otros juegos, incluidos en la red comercial del Organismo Nacional de Loterías y Apuestas del Estado, 8excluidos los clasificados en el grupo 855)"
A05-872,"Expendedores oficiales de loterías,  apuestas deportivas y otros juegos, pertenecientes a otros organismos distintos del Organismo Nacional de Loterías y Apuestas del Estado"
A05-873,"Expendedores no oficiales autorizados para la recepción de apuestas deportivas, de otros juegos y de loterías diversas"
A05-881,Astrólogos y similares
A05-882,Guías de turismo
A05-883,Guías interpretes de turismo
A05-884,"Peritos tasadores de seguros, alhajas, géneros y efectos"
A05-885,Liquidadores y Comisarios de averías
A05-886,Cronometradores
A05-887,Maquilladores y Esteticistas
A05-888,Grafólogos
A05-889,Guías de montaña
A05-899,Otros profesionales relacionados con los servicios a que se refiere esta división
A03-911,Servicios agrícolas y ganaderos
A03-912,Servicios forestales y servicios relacionados con la pesca y la acuicultura
A03-922,Servicios de limpieza
A03-934,Enseñanza fuera de establecimiento permanente
A03-936,Investigación científica y técnica
A03-943,Consultas y clínicas de estomatología y odontología
A03-944,"Servicios de naturopatía, acupuntura y otros servicios parasanitarios"
A03-945,Consultas y clínicas veterinarias
A03-951,"Asistencia y servicios sociales para niños, jóvenes, personas con discapacidad y ancianos, en centros residenciales. (Consultar descripción original en el Real Decreto Legislativo 1175/1990, 28 de septiembre)"
A03-952,"Asistencia y servicios sociales para niños, jóvenes, personas con discapacidad y ancianos, en centros no residenciales. (Consultar descripción original en el Real Decreto Legislativo 1175/1990, 28 de septiembre)"
A03-974,Agencias de prestación de servicios domésticos
A03-975,Servicios de enmarcación
A03-983,Agencias de colocación de artistas
A03-991,Prestación de servicios por sociedades de desarrollo industrial regional
A03-999,Otros servicios no clasificados en otras partes
A02-041.1,Reproductoras de puesta
A02-041.2,Ponedoras de huevos a partir de los cuatro meses edad
A02-042.1,Reproductoras de carne
A02-042.2,Pollos y patos para carne
A02-042.3,"Pavos, faisanes y palmípedas reproductoras"
A02-042.4,"Pavos, faisanes y palmípedas para carne"
A02-042.5,Codornices para carne
A03-111.1,"Extracción y preparación de hulla, excepto hulla subbituminosa"
A03-111.2,Extracción y preparación de hulla subbituminosa (lignito negro)
A03-111.3,Preparación de hulla en factoría independiente o fuera del perímetro de la concesión o explotación minera
A03-111.4,Aglomeración de hulla
A03-112.1,Extracción y preparación de antracita
A03-112.2,Preparación de antracita en factoría independiente o fuera del perímetro de la concesión o explotación minera
A03-113.1,Extracción y preparación lignito pardo
A03-113.2,Preparación de lignito pardo en factoría independiente o fuera del perímetro de la concesión o explotación minera
A03-121.1,"Trabajos de testificación por diversos procedimientos en sondeos, determinación de las características de las formaciones atravesadas, profundidad y dirección del sondeo, buzamiento y dirección de las formaciones, etc."
A03-121.2,"Trabajos para desviación de sondeos y cimentación de pozos, fracturación o acidificación de rocas y pruebas de producción"
A03-121.3,"Trabajos de tomas de medida de presión de fondo de pozos, apertura y cierre de los mismos para realizar aquellas, medición en superficie de temperatura, presión, caudal, etc., y servicios de cable para conexión entre elementos en pozo y en superficie."
A03-121.9,"Otras actividades relacionadas con la prospección de petróleo y gas natural y trabajos auxiliares de investigación minera, tales como los de geofísica petrolera, control de geología de sondeos, etc."
A03-122.1,Extracción de crudos de petróleo
A03-122.2,Distribución de crudos de petróleo
A03-123.1,Extracción y depuración de gas natural
A03-123.2,Distribución de gas natural
A03-143.1,Transformación de minerales radiactivos
A03-143.2,Tratamiento de residuos radiactivos
A03-143.3,Almacenamiento de residuos radiactivos
A03-151.1,Producción de energía hidroeléctrica
A03-151.2,Producción de energía termoeléctrica convencional
A03-151.3,Producción de energía electronuclear
A03-151.4,"Producción de energía no especificada en los epígrafes anteriores, abarcando la energía procedente de mareas, energía solar, etc."
A03-151.5,Transporte y distribución de energía eléctrica
A03-151.6,Comercialización de energía eléctrica
A03-152.1,Fabricación y Distribución de Gas
A03-152.2,Comercialización de Gas
A03-161.1,"Captación, tratamiento y distribución de agua para núcleos urbanos"
A03-161.2,Captación de agua para su suministro
A03-161.3,Tratamiento de agua para su suministro
A03-161.4,Distribución de agua para núcleos urbanos
A03-211.1,Extracción y preparación de minerales férreos
A03-211.2,Preparación de minerales férreos en factoría independiente o fuera del perímetro de la explotación o concesión minera
A03-212.1,Extracción y preparación minerales metálicos no férreos
A03-212.2,Preparación de minerales metálicos no férreos en factoría independiente o situada fuera del perímetro de la explotación o concesión minera
A03-225.1,Producción y primera transformación del aluminio
A03-225.2,Producción y primera transformación del cobre
A03-225.9,Producción y primera transformación otros metales no férreos no clasificados en otras partes
A03-231.1,Extracción de sustancias arcillosas
A03-231.2,Extracción de rocas y pizarras para la construcción
A03-231.3,Extracción de arenas y gravas para la construcción
A03-231.4,Extracción de yeso
A03-231.9,Extracción de otros materiales de construcción no clasificados en otras partes
A03-232.1,Extracción de sales potásicas
A03-232.2,Extracción de fosfatos y nitratos
A03-233.1,Extracción de sal marina
A03-233.2,Extracción de sal manantial y sal gema
A03-239.1,Extracción de fluorita
A03-239.2,Extracción de turba
A03-239.9,Extracción de otros minerales no metálicos ni energéticos no clasificados en otras partes
A03-242.1,Fabricación de cementos artificiales
A03-242.2,Fabricación de cementos naturales
A03-242.3,Fabricación de cales y yesos
A03-243.1,Fabricación de hormigones preparados
A03-243.2,Fabricación de productos en fibrocemento
A03-243.3,"Fabricación de otros artículos derivados del cemento, excepto pavimentos"
A03-243.4,Fabricación pavimentos derivados del cemento
A03-243.5,Fabricación de artículos derivados del yeso y escayola
A03-246.1,Fabricación de vidrio plano
A03-246.2,Fabricación de vidrio hueco
A03-246.3,Fabricación de vidrio técnico
A03-246.4,Fabricación de fibra de vidrio
A03-246.5,Manipulado de vidrio
A03-246.6,Fabricación de fritas y esmaltes cerámicos
A03-247.1,Fabricación de artículos refractarios
A03-247.2,Fabricación de baldosas para pavimentación o revestimientos sin barnizar ni esmaltar
A03-247.3,Fabricación de baldosas para pavimentación o revestimiento barnizadas o esmaltadas
A03-247.4,"Fabricación de vajillas, artículos del hogar y objetos de adorno de material cerámico"
A03-247.5,"Fabricación de aparatos sanitarios de loza, porcelana y gres"
A03-247.6,Fabricación de aisladores y piezas de material cerámico para instalaciones eléctricas
A03-247.9,Fabricación otros productos cerámicos no clasificados en otras partes
A03-251.1,Fabricación de productos químicos orgánicos de origen petroquímico
A03-251.2,Fabricación de otros productos químicos orgánicos
A03-251.3,Fabricación de productos químicos inorgánicos excepto gases comprimidos
A03-251.4,Fabricación de primeras materias plásticas
A03-251.5,Fabricación de caucho y látex sintéticos
A03-251.6,Fabricación fibras artificiales y sintéticas
A03-251.7,Fabricación de ácido y anhídrico ftálico y maléico y de ácidos isoftálico y tereftálico.
A03-252.1,Fabricación de abonos
A03-252.2,Fabricación de plaguicidas
A03-253.1,Fabricación de gases comprimidos
A03-253.2,Fabricación de colorantes y pigmentos
A03-253.3,"Fabricación de pinturas, barnices y lacas"
A03-253.4,Fabricación de tintas de imprenta
A03-253.5,Tratamiento aceites y grasas para usos industriales
A03-253.6,"Fabricación de aceites esenciales y sustancias aromáticas, naturales y sintéticas"
A03-253.7,"Fabricación de colas y gelatinas y de productos auxiliares para la industria textil, del cuero y del caucho"
A03-253.8,Fabricación de explosivos
A03-253.9,Fabricación de otros productos químicos de uso industrial no clasificados en otras partes
A03-254.1,Fabricación productos farmacéuticos de base
A03-254.2,Fabricación de especialidades y otros productos farmacéuticos
A03-255.1,"Fabricación de jabones comunes, detergentes y lejías"
A03-255.2,Fabricación de jabones de tocador y otros productos de perfumería y cosmética
A03-255.3,Fabricación de derivados de ceras y parafinas
A03-255.4,Fabricación de material fotográfico sensible
A03-255.5,"Fabricación de artículos pirotécnicos, cerillas y fósforos"
A03-255.9,Fabricación de otros productos químicos destinados principalmente al consumo final no clasificados en otras partes
A03-311.1,Fundición de piezas de hierro y acero
A03-311.2,Fundición de piezas de metales no férreos y sus aleaciones
A03-314.1,Carpintería metálica
A03-314.2,Fabricación de estructuras metálicas
A03-316.1,Fabricación de herramientas manuales
A03-316.2,Fabricación de artículos de ferretería y cerrajería
A03-316.3,Tornillería y fabricación de artículos derivados del alambre
A03-316.4,Fabricación de artículos de menaje
A03-316.5,"Fabricación de cocinas, calentadores y aparatos domésticos de calefacción, no eléctricos"
A03-316.6,Fabricación de mobiliario metálico
A03-316.7,Fabricación de recipientes y envases metálicos
A03-316.8,Fabricación de armas ligeras y sus municiones
A03-316.9,Fabricación de otros artículos acabados en metales no clasificados en otras partes
A03-319.1,Mecánica general
A03-319.9,Talleres mecánicos no clasificados en otras partes
A03-321.1,Construcción de máquinas agrícolas
A03-321.2,Construcción de tractores agrícolas
A03-322.1,Construcción de maquinas para trabajar los metales
A03-322.2,Construcción de maquinas para trabajar la madera y el corcho
A03-322.3,"Fabricación de útiles, equipos, piezas y accesorios para maquinas- herramientas"
A03-323.1,Construcción de maquinas textiles y sus accesorios
A03-323.2,Construcción de maquinas para las industrias del cuero y calzado
A03-323.3,Fabricación de máquinas de coser
A03-324.1,"Construcción de máquinas para las industrias alimenticias, de bebidas y del tabaco"
A03-324.2,Construcción de máquinas para la industria química
A03-324.3,Construcción de máquinas para las industrias de transformación del caucho y materias plásticas
A03-325.1,"Construcción de máquinas y equipo para minería, construcción y obras públicas"
A03-325.2,Construcción de máquinas y equipo para las industrias de productos minerales no metálicos
A03-325.3,Construcción de máquinas para la siderurgia y fundición
A03-325.4,Construcción de maquinaria de elevación y manipulación
A03-326.1,"Fabricación de engranajes, cadenas de transmisión y otros órganos de transmisión"
A03-326.2,Fabricación de rodamientos
A03-329.1,"Construcción de máquinas para las industrias de papel, cartón y artes gráficas"
A03-329.2,Construcción de máquinas de lavado y limpieza en seco
A03-329.3,Construcción de motores y turbinas (excepto los destinados al transporte)
A03-329.4,Construcción de maquinaria para la manipulación de fluidos
A03-329.9,Construcción de otras máquinas y equipos no clasificados en otras partes
A03-351.1,Fabricación de aparatos y equipos telefónico y telegráfico
A03-351.2,"Fabricación de aparatos y equipo de radiocomunicación, radiodifusión y televisión"
A03-355.1,Fabricación de receptores de radio y televisión y aparatos de registro y reproducción de sonido e imagen
A03-355.2,"Edición de soportes grabados de sonido, de video y de informática"
A03-392.1,Fabricación de material médico-quirúrgico
A03-392.2,Fabricación de aparatos de prótesis y ortopedia
A03-393.1,Fabricación de instrumentos ópticos y material fotográfico y cinematográfico (excepto monturas para gafas).
A03-393.2,Fabricación de monturas para gafas (excepto las de plástico).
A03-411.1,Fabricación y envasado de aceite de oliva
A03-411.2,Fabricación de aceite de oliva
A03-411.3,Envasado de aceite de oliva
A03-412.1,Extracción y envasado de aceites de semillas oleaginosas y de orujo de aceituna
A03-412.2,Obtención y envasado de aceites y grasas de animales marinos
A03-412.3,"Refinado, hidrogenación, envasado y otros tratamientos similares de cuerpos grasos vegetales y animales"
A03-412.4,Obtención y envasado de margarina y grasas alimenticias similares
A03-413.1,Sacrificio y despiece de ganado en general
A03-413.2,Fabricación de productos cárnicos de todas clases
A03-413.3,"Salas de despiece autónomas, industrias de aprovechamiento y transformación de subproductos cárnicos para usos industriales y alimentación animal"
A03-413.4,"Incubación y venta de polluelos recién nacidos, mediante la compra de huevos fértiles"
A03-414.1,Preparación de leche
A03-414.2,Preparación de leche en conserva
A03-414.3,Fabricación de queso y mantequilla
A03-414.4,Elaboración de helados y similares
A03-417.1,Fabricación de harinas y sémolas
A03-417.2,Fabricación de otros productos de molinería
A03-418.1,Fabricación de pastas alimenticias
A03-418.2,Fabricación de productos amiláceos
A03-419.1,Industria del pan y de la bollería
A03-419.2,"Industrias de la bollería, pastelería y galletas"
A03-419.3,Industria de elaboración de masas fritas
A03-421.1,Industria del cacao y chocolate
A03-421.2,Elaboración de productos de confitería
A03-422.1,"Forrajes deshidratados, melazados, etc., para la alimentación animal"
A03-422.2,"Harinas de pescado y subproductos animales, productos derivados del reciclaje y transformación de residuos alimenticios y otros preparados para la elaboración de piensos"
A03-422.3,"Elaboración de piensos compuestos de cualquier clase, a excepción de los incluidos en el epígrafe 422.4"
A03-422.4,"Elaboración de piensos compuestos para perros, gatos y otros animales familiares"
A03-423.1,"Elaboración de café, te, y sucedáneos de café"
A03-423.2,"Elaboración de sopas preparadas, extractos y condimentos"
A03-423.3,Elaboración de productos dietéticos y de régimen
A03-423.9,Elaboración de otros productos alimenticios no clasificados en otras partes
A03-424.1,Destilación y rectificación de alcoholes
A03-424.2,Obtención de aguardientes naturales
A03-424.3,"Obtención de aguardientes compuestos, licores y aperitivos no procedentes de vino"
A03-425.1,Elaboración y crianza de vinos
A03-425.2,Elaboración de vinos espumosos
A03-425.3,Elaboración de otros vinos especiales
A03-425.9,Otras industrias vinícolas no clasificados en otras partes
A03-428.1,Preparación y envasado de aguas minerales naturales
A03-428.2,Fabricación de aguas gaseosas y otras bebidas analcohólicas
A03-429.1,"Elaboración de cigarros, cigarrillos y otros productos del tabaco"
A03-429.2,"Primera transformación del tabaco sin elaboración de cigarros, cigarrillos, picadura, etc."
A03-431.1,"Preparación de las fibras de algodón (desmotado, cardado, peinado)."
A03-431.2,Hilado y retorcido del algodón y sus mezclas
A03-431.3,Tejido del algodón y sus mezclas
A03-432.1,"Preparación de las fibras de lana (clasificación, lavado, cardado, peinado)"
A03-432.2,Hilado y retorcido de la lana y sus mezclas.
A03-432.3,Tejido de la lana y sus mezclas
A03-435.1,Fabricación de géneros de punto en pieza
A03-435.2,Fabricación de calcetería
A03-435.3,Fabricación de prendas interiores y ropa de dormir de punto
A03-435.4,Fabricación de prendas exteriores de punto
A03-437.1,Fabricación de alfombras y tapices
A03-437.2,Fabricación de tejidos impregnados
A03-439.1,Cordelería
A03-439.2,"Fabricación de fieltros, tules, encajes, pasamanería, etc."
A03-439.3,Fabricación de textiles con fibras de recuperación
A03-439.9,Otras industrias textiles no clasificadas en otras partes
A03-442.1,Fabricación de artículos de marroquinería y viajes
A03-442.2,Fabricación de guantes de piel
A03-442.9,Fabricación otros artículos de cuero no clasificadas en otras partes
A03-455.1,Confección de artículos textiles para el hogar y tapicería
A03-455.9,Confección de otros artículos textiles no clasificados en otras partes
A03-456.1,Peletería natural
A03-456.2,Peletería artificial
A03-462.1,Chapas de madera
A03-462.2,"Maderas chapadas, contrachapadas y tableros celulares"
A03-462.3,Tableros y paneles de fibras y de partículas
A03-462.4,Maderas mejoradas
A03-468.1,Fabricación de mobiliario de madera para el hogar
A03-468.2,Fabricación de mobiliario de madera escolar y de oficina
A03-468.3,"Fabricación de muebles diversos de madera, junco, mimbre y caña"
A03-468.4,Fabricación de ataúdes
A03-468.5,"Actividades anexas a la industria del mueble (acabado, barnizado, tapizado, dorado, etc.)."
A03-473.1,Fabricación de cartón ondulado y artículos de cartón ondulado
A03-473.2,Fabricación de otros artículos de envase y embalaje en papel y cartón
A03-473.3,"Fabricación de artículos de oficina, escritorio, etc. de papel y cartón"
A03-473.4,Fabricación de artículos de decoración y de uso doméstico en papel y cartón
A03-473.9,Fabricación de otros manipulados en papel y cartón no clasificados en otras partes
A03-476.1,Edición de libros
A03-476.2,Edición de periódicos y revistas
A03-476.9,Otras ediciones no clasificadas en otras partes
A03-481.1,Fabricación cubiertas y cámaras
A03-481.2,Recauchutado y reconstrucción de cubiertas
A03-481.9,Fabricación de otros artículos caucho no clasificados en otras partes
A03-482.1,Fabricación productos semielaborados de materias plásticas
A03-482.2,Fabricación de artículos acabados de materias plásticas
A03-491.1,Joyería
A03-491.2,Bisutería
A03-494.1,"Fabricación de juegos, juguetes y artículos de puericultura"
A03-494.2,Fabricación de artículos de deporte
A03-495.1,Fabricación de artículos de escritorio
A03-495.9,Fabricación de otros artículos no clasificadas en otras partes
A03-501.1,"Construcción completa, reparación y conservación de edificaciones"
A03-501.2,"Construcción completa, reparación y conservación  de obras civiles"
A03-501.3,Albañilería y pequeños trabajos de construcción en general
A03-502.1,Demoliciones y derribos en general
A03-502.2,"Consolidación y preparación de terrenos para la construcción de edificaciones, incluidos sistemas de agotamiento y dragados"
A03-502.3,"Consolidación y preparación de terrenos para la realización de obras civiles, incluidos sistemas de agotamiento y dragados"
A03-502.4,Cimentaciones y pavimentaciones para la construcción de edificaciones
A03-502.5,Cimentaciones y pavimentación en obras civiles
A03-502.6,Perforaciones para alumbramiento de aguas
A03-503.1,"Preparación y montaje de estructuras, cubiertas y cubriciones en edificaciones"
A03-503.2,Preparación y montaje de estructuras y  cubiertas y cubriciones en obras civiles
A03-503.3,"Montaje e instalación de estructuras metálicas para transportes, puertos, obras hidráulicas, puentes, postes y torres metálicas, carriles, etc."
A03-503.4,"Elaboración de obra en piedra natural o artificial, o con materiales para la construcción, siempre que no se empleen maquinas movidas mecánicamente ni más de cuatro obreros"
A03-504.1,"Instalaciones eléctricas en general. Instalación de redes telegráficas, telefónicas, telefonía sin hilos y televisión. Instalaciones de sistemas de balización de puertos y aeropuertos"
A03-504.2,Instalaciones de fontanería
A03-504.3,"Instalaciones de frio, calor y acondicionamiento de aire"
A03-504.4,Instalaciones de pararrayos y similares
A03-504.5,"Montaje e instalación de cocinas de todo tipo y clase, con todos sus accesorios, para todo uso, menos el industrial"
A03-504.6,Montaje e instalación de aparatos elevadores de cualquier clase y tipo
A03-504.7,"Instalaciones telefónicas, telegráficas, telegráficas sin hilos y de televisión, en edificios y construcciones de cualquier clase"
A03-504.8,"Montajes metálicos e instalaciones industriales completas, sin vender ni aportar la maquinaria ni los elementos objeto de la instalación o montaje"
A03-505.1,Revestimientos exteriores e interiores de todas clases y en todo tipo de obras
A03-505.2,Solados y pavimentos de todas clases y en cualquier tipo de obras
A03-505.3,Preparación y colocación de solados y pavimentos de madera de cualquier clase
A03-505.4,"Colocación de aislamientos fónicos, térmicos y acústicos de cualquier clase y para cualquier tipo de obras"
A03-505.5,Carpintería y cerrajería
A03-505.6,"Pintura de cualquier tipo y clase y revestimientos con papel, tejidos o plásticos y terminación y decoración de edificios y locales"
A03-505.7,Trabajos en yeso y escayola y decoración de edificios y locales
A03-506.0,"Instalación de andamios, cimbras, encofrados, etc., incluso para usos distintos de la construcción"
A03-612.1,"Comercio al por mayor de toda clase de productos alimenticios, bebidas y tabacos especificados en los epígrafes 612.2 a 612.7 y 612.9"
A03-612.2,"Comercio al por mayor de cereales, simientes, plantas, abonos, sustancias fertilizantes, plaguicidas, animales vivos, tabaco en rama, alimentos para el ganado y materias primas marinas (peces vivos, algas, esponjas, conchas, etc.)."
A03-612.3,"Comercio al por mayor de frutas y frutos, verduras, patatas, legumbres frescas y hortalizas."
A03-612.4,"Comercio al por mayor de carnes, productos y derivados cárnicos elaborados, huevos, aves y caza"
A03-612.5,"Comercio al por mayor de leche, productos lácteos, miel, aceites y grasas comestibles"
A03-612.6,Comercio al por mayor de bebidas y tabaco
A03-612.7,Comercio al por mayor de vinos y vinagres del país
A03-612.8,Comercio al por mayor de pescados y otros productos de la pesca y de la acuicultura.
A03-612.9,"Comercio al por mayor de otros productos alimenticios, helados de todas clases, etc."
A03-613.1,"Comercio al por mayor de toda clase de productos textiles, de confección, calzado y artículos de cuero especificados en los epígrafes 613.2 al 613.5 y 613.9"
A03-613.2,"Comercio al por mayor de tejidos por metros, textiles para el hogar y alfombras."
A03-613.3,Comercio al por mayor de prendas exteriores de vestir.
A03-613.4,"Comercio al por mayor de calzado, peletería, artículos de cuero y marroquinería."
A03-613.5,"Comercio al por mayor de camisería, lencería, mercería y géneros de punto."
A03-613.9,Comercio al por mayor de accesorios del vestido y otros productos textiles no clasificados en otras partes
A03-614.1,Comercio al por mayor de productos farmacéuticos y medicamentos.
A03-614.2,"Comercio al por mayor de productos de perfumería, droguería, higiene y belleza."
A03-614.3,Comercio al por mayor de productos para el mantenimiento y funcionamiento del hogar.
A03-614.4,Comercio al por mayor de productos zoosanitarios.
A03-615.1,"Comercio al por mayor de vehículos, motocicletas, bicicletas y sus accesorios."
A03-615.2,Comercio al por mayor de muebles
A03-615.3,Comercio al por mayor de aparatos electrodomésticos y ferretería.
A03-615.4,Comercio al por mayor de aparatos y materiales radioeléctricos y electrónicos.
A03-615.5,Comercio al por mayor de obras de arte y antigüedades
A03-615.6,Galerías de arte
A03-615.9,Comercio al por mayor de otros artículos de consumo duradero no especificados en los epígrafes anteriores.
A03-616.1,Comercio al por mayor de carbón.
A03-616.2,Comercio al por mayor de hierro y acero.
A03-616.3,Comercio al por mayor de minerales.
A03-616.4,Comercio al por mayor de metales no férreos en bruto y productos semielaborados.
A03-616.5,Comercio al por mayor de petróleo y lubricantes.
A03-616.6,Comercio al por mayor de productos químicos industriales.
A03-616.9,Otro comercio al por mayor interindustrial de la minería y química no especificado en los epígrafes anteriores.
A03-617.1,Comercio al por mayor de fibras textiles brutas y productos semielaborados.
A03-617.2,Comercio al por mayor de cueros y pieles en bruto.
A03-617.3,Comercio al por mayor de madera y corcho.
A03-617.4,"Comercio al por mayor de materiales de construcción, vidrio y artículos de instalación."
A03-617.5,Comercio al por mayor de maquinaria para la madera y el metal.
A03-617.6,Comercio al por mayor de maquinaria agrícola.
A03-617.7,Comercio al por mayor de maquinaria textil.
A03-617.8,Comercio al por mayor de maquinas y material de oficina.
A03-617.9,"Comercio al por mayor interindustrial excepto minería y química de otros productos, maquinaria y material"
A03-618.1,Comerciales exportadoras (exportación de toda clase de mercancías)
A03-618.2,"Comercio al por mayor de toda clase de mercancías, exclusivamente dentro de las zonas y depósitos francos con productos en ellos consignados y que se limite exclusivamente al aprovisionamiento de buques extranjeros y españoles de gran cabotaje y altura, así como al de aeronaves extranjeras y españolas del servicio internacional, ya en forma directa, ya a través de una previa exportación al extranjero."
A03-619.1,Comercio al por mayor de juguetes y artículos de deporte.
A03-619.2,"Comercio al por mayor de aparatos e instrumentos médicos, ortopédicos, ópticos y fotográficos."
A03-619.3,"Comercio al por mayor de metales preciosos, artículos de joyería, bisutería y de relojería."
A03-619.4,Comercio al por mayor de productos de papel y cartón.
A03-619.5,"Comercio al por mayor de artículos de papelería y escritorio, artículos de dibujo y bellas artes."
A03-619.6,"Comercio al por mayor de libros, periódicos y revistas."
A03-619.7,"Comercio al por mayor de instrumentos de precisión, medida y similares."
A03-619.8,Compra venta de ganado
A03-619.9,Comercio al por mayor de otros productos no clasificados en otras partes
A03-642.1,Comercio al por menor de carnes y despojo
A03-642.2,"Comercio al por menor, en dependencias de venta de carnicerías-charcuterías, de carnes frescas y congeladas, despojos y toda clase de productos y derivados carnicos"
A03-642.3,"Comercio al por menor, en dependencias de venta de carnicerías-salchichería, de carnes frescas y congeladas, despojos, productos procedentes de industrias cárnicas y productos cárnicos frescos, crudos, adobados, tocino salado, embutidos de sangre (morcillas) y aquellos otros tradicionales de estas características para los que estén autorizados"
A03-642.4,"Comercio al por menor, en carnicerías, de carnes frescas y congeladas, despojos y productos y derivados cárnicos elaborados"
A03-642.5,"Comercio al por menor de huevos, aves, conejos de granja, caza y de productos derivados de los mismos."
A03-642.6,"Comercio al por menor, en casquerías, de vísceras y despojos procedentes de animales de abasto, frescos y congelados."
A03-643.1,Comercio al por menor de pescados y otros productos de la pesca y de la acuicultura y de caracoles.
A03-643.2,Comercio al por menor de bacalao y de otros pescados en salazón.
A03-644.1,"Comercio al por menor de pan, pastelería, confitería y similares y de leche y productos lácteos."
A03-644.2,"Despachos de pan, panes especiales y bollería."
A03-644.3,"Comercio al por menor de productos de pastelería, bollería y confitería."
A03-644.4,Comercio al por menor de helados.
A03-644.5,Comercio al por menor de bombones y caramelos.
A03-644.6,"Comercio al por menor de masas fritas, con o sin coberturas o rellenos, patatas fritas, productos de aperitivo, frutos secos, golosinas, preparados de chocolate y bebidas refrescantes."
A03-646.1,"Comercio al por menor de labores de tabaco de todas clases y formas en expendedurías generales, especiales e interiores."
A03-646.2,Comercio al por menor de labores de tabaco de todas clases y formas en extensiones transitorias de expendedurías generales.
A03-646.3,Comercio al por menor de labores de tabaco de todas clases y formas en expendedurías de carácter complementario.
A03-646.4,"Comercio al por menor de labores de tabaco, realizado por establecimientos mercantiles, en régimen de autorizaciones de venta con recargo."
A03-646.5,"Comercio al por menor de labores de tabaco, realizado a través de maquinas automáticas, en régimen de autorizaciones de venta con recargo."
A03-646.6,"Comercio al por menor de tabacos de todas clases y formas, en localidades donde no este estancada la venta."
A03-646.7,"Comercio al por menor de labores de tabaco realizado por personas con discapacidad titulares de autorizaciones especiales. (Consultar descripción original en el Real Decreto Legislativo 1175/1990, 28 de septiembre)"
A03-646.8,Comercio al por menor de artículos para fumadores.
A03-647.1,Comercio al por menor de cualquier clase de productos alimenticios y de bebidas en establecimientos con vendedor.
A03-647.2,"Comercio al por menor de cualquier clase de productos alimenticios y de bebidas, en régimen de autoservicio o mixto en establecimientos cuya sala de ventas tenga una superficie inferior a 120 metros cuadrados."
A03-647.3,"Comercio al por menor de cualquier clase de productos alimenticios y de bebidas, en régimen de autoservicio o mixto en superservicio, denominados así cuando la superficie de su sala de ventas se halle comprendida entre 120 y 399 metros cuadrados."
A03-647.4,"Comercio al por menor de cualquier clase de productos alimenticios y bebidas, en régimen de autoservicio o mixto en supermercados, denominados así cuando la superficie de su sala de ventas sea igual o superior a 400 metros cuadrados."
A03-647.5,"Suministro de productos alimenticios y bebidas, excluido el tabaco, a través de maquinas expendedoras."
A03-651.1,"Comercio al por menor de productos textiles, confecciones para el hogar, alfombras y similares y artículos de tapicería."
A03-651.2,Comercio al por menor de toda clase de prendas para el vestido y tocado.
A03-651.3,Comercio al por menor de lencería y corsetería.
A03-651.4,Comercio al por menor de artículos de mercería y paquetería.
A03-651.5,Comercio al por menor de prendas especiales.
A03-651.6,"Comercio al por menor de calzado, artículos de piel e imitación o productos sustitutivos, cinturones, carteras, bolsos, maletas y artículos de viaje en general."
A03-651.7,Comercio al por menor de confecciones de peletería.
A03-652.1,"Comercio al por menor de medicamentos, productos sanitarios y de higiene personal. Farmacias"
A03-652.2,"Comercio al por menor de productos de droguería, perfumería y cosmética, limpieza, pinturas, barnices, disolventes, papeles y otros productos para la decoración y de productos químicos."
A03-652.3,"Comercio al por menor de productos de perfumería y cosmética, y de artículos para la higiene y el aseo personal."
A03-652.4,Comercio al por menor de plantas y hierbas en herbolarios
A03-653.1,Comercio al por menor de muebles excepto los de oficina.
A03-653.2,"Comercio al por menor de material y aparatos eléctricos, electrónicos, electrodomésticos y otros aparatos de uso domestico accionados por otro tipo de energía distinta de la eléctrica, así como de muebles de cocina."
A03-653.3,"Comercio al por menor de artículos de menaje, ferretería, adorno, regalo o reclamo incluyendo bisutería y pequeños electrodomésticos."
A03-653.4,Comercio al por menor de materiales de construcción y de artículos y mobiliario de saneamiento.
A03-653.5,"Comercio al por menor de puertas, ventanas y persianas, molduras y marcos, tarimas y parqué-mosaico, cestería y artículos de corcho."
A03-653.6,"Comercio al por menor de artículos de ""bricolaje""."
A03-653.9,Comercio al por menor de otros artículos para el equipamiento del hogar no clasificados en otras partes
A03-654.1,Comercio al por menor de vehículos terrestres.
A03-654.2,Comercio al por menor de accesorios y piezas de recambio para vehículos terrestres.
A03-654.3,Comercio al por menor de vehículos aéreos.
A03-654.4,Comercio al por menor de vehículos fluviales y marítimos de vela o motor y deportivos.
A03-654.5,"Comercio al por menor de toda clase de maquinaria (excepto aparatos del hogar, de oficina, médicos, ortopédicos, ópticos y fotográficos)"
A03-654.6,"Comercio al por menor de cubiertas, bandas o bandajes y cámaras de aire para toda clase de vehículos"
A03-655.1,"Comercio al por menor de combustibles de todas clases, excepto gases y carburantes."
A03-655.2,Comercio al por menor de gases combustibles de todas clases.
A03-655.3,Comercio al por menor de carburantes para el surtido de vehículos y aceites  y grasas lubricantes.
A03-659.1,"Comercio al por menor de sellos, monedas, medallas conmemorativas, billetes para coleccionistas, obras de arte y antigüedades, minerales sueltos o en colecciones, fósiles, insectos, conchas, plantas y animales disecados."
A03-659.2,Comercio al por menor de muebles de oficina y de maquinas y equipos de oficina.
A03-659.3,"Comercio al por menor de aparatos e instrumentos médicos, ortopédicos, ópticos y fotográficos."
A03-659.4,"Comercio al por menor de libros, periódicos, artículos de papelería y escritorio, y artículos de dibujo y bellas artes."
A03-659.5,"Comercio al por menor de artículos de joyería, relojería, platería y bisutería."
A03-659.6,"Comercio al por menor de juguetes, artículos de deporte, prendas deportivas de vestido, calzado y tocado, armas, cartuchería y artículos de pirotecnia."
A03-659.7,"Comercio al por menor de semillas, abonos, flores y plantas y pequeños animales."
A03-659.8,Comercio al por menor denominado sex shop.
A03-659.9,"Comercio al por menor de otros productos no especificados en esta agrupación, excepto los que deban clasificarse en el epígrafe 653.9."
A03-661.1,"Comercio en grandes almacenes, entendiendo por tales aquellos establecimientos que ofrecen un surtido amplio y, en general, profundo de varias gamas de productos (principalmente artículos para el equipamiento del hogar, confección, calzado, perfumería, alimentación, etc.), presentados en departamentos múltiples"
A03-661.2,"Comercio en hipermercados, entendiendo por tales aquellos establecimientos que ofrecen principalmente en autoservicio un amplio surtido de productos alimenticios y no alimenticios de gran venta, que disponen, normalmente, de estacionamientos y ponen además diversos servicios a disposición de los clientes."
A03-661.3,"Comercio en almacenes populares, entendiendo por tales aquellos establecimientos que ofrecen en secciones múltiples y venden en autoservicio o en preselección un surtido relativamente amplio y poco profundo de bienes de consumo, con una gama de precios baja y un servicio reducido."
A03-661.9,"Otro comercio mixto o integrado en grandes superficies, entendiendo por tal el realizado de forma especializada en establecimientos con una superficie útil para la exposición y venta al público igual o superior a los 2.500 m² de productos tales como los relacionados con el bricolaje y el equipamiento del hogar, mobiliario para el hogar y la oficina, artículos electrónicos y electrodomésticos, artículos para el automóvil, artículos para el deporte u otros"
A03-662.1,Comercio al por menor de toda clase de artículos en economatos y cooperativas de consumo.
A03-662.2,"Comercio al por menor de toda clase de artículos, incluyendo alimentación y bebidas, en establecimientos distintos de los especificados en el grupo 661 y en el epígrafe 662.1."
A03-663.1,"Comercio al por menor fuera de un establecimiento comercial permanente de productos alimenticios, incluso bebidas y helados."
A03-663.2,Comercio al por menor fuera de un establecimiento comercial permanente de artículos textiles y de confección.
A03-663.3,"Comercio al por menor fuera de establecimiento comercial permanente de calzado, pieles y artículos de cuero."
A03-663.4,Comercio al por menor fuera de un establecimiento comercial permanente de artículos de droguería y cosméticos y de productos químicos en general.
A03-663.9,Comercio al por menor fuera de un establecimiento comercial permanente de otras clases de mercancías no clasificado en otras partes
A03-664.1,Venta de toda clase de artículos diversos en régimen de expositores en deposito.
A03-664.2,Puntos de recarga de vehículos eléctricos
A03-664.9,"Comercio al por menor de artículos diversos no clasificado en otras partes mediante aparatos automáticos, excepto alimentación ,bebidas y tabaco."
A03-671.1,De cinco tenedores.
A03-671.2,De cuatro tenedores
A03-671.3,De tres tenedores
A03-671.4,De dos tenedores.
A03-671.5,De un tenedor.
A03-672.1,De tres tazas.
A03-672.2,De dos tazas.
A03-672.3,De una taza
A03-673.1,De categoría especial.
A03-673.2,Otros cafés y bares
A03-674.1,Servicio en vehículos de tracción mecánica.
A03-674.2,Servicio en ferrocarriles de cualquier clase.
A03-674.3,Servicio en barcos.
A03-674.4,Servicio en aeronaves.
A03-674.5,"Servicios que se presten en sociedades, círculos, casinos, clubes y establecimientos análogos."
A03-674.6,"Servicios establecidos en teatros y demás espectáculos que únicamente permanecen abiertos durante las horas del espectáculo, excepto los bailes y similares."
A03-674.7,Servicios que se prestan en parques o recintos feriales clasificados en el Epígrafe 989.3 de esta Sección 1ª de las Tarifas.
A03-677.1,"Servicios prestados por los establecimientos clasificados en los grupos 671, 672, 673, 682 de las agrupaciones 67 y 68, realizados fuera de dichos establecimientos."
A03-677.9,Otros servicios de alimentación propios de la restauración.
A03-687.1,Campamentos de lujo
A03-687.2,Campamentos de primera clase
A03-687.3,Campamentos de segunda clase
A03-687.4,Campamentos de tercera clase
A03-691.1,Reparación de artículos eléctricos para el hogar.
A03-691.2,"Reparación de vehículos automóviles, bicicletas y otros vehículos."
A03-691.9,Reparación otros bienes consumo no clasificado en otras partes
A03-721.1,Transporte urbano colectivo
A03-721.2,Transporte por autotaxis
A03-721.3,Transporte de viajeros por carretera
A03-721.4,Transporte sanitario en ambulancias
A03-731.1,Transporte marítimo internacional de pasajeros
A03-731.2,Transporte marítimo internacional de mercancías
A03-733.1,"Transporte de cabotaje y por vías navegables interiores,  de viajeros"
A03-733.2,Transporte de cabotaje y por vías navegables interiores de mercancías
A03-733.3,"Servicios de transbordadores, ferry boats y análogos"
A03-733.4,Transporte marítimo de pasajeros mediante los denominados Jet-Foil y similares
A03-741.1,Transporte aéreo nacional de viajeros (servicios regulares).
A03-741.2,Transporte aéreo nacional de mercancías (servicios regulares).
A03-741.3,"Transporte aéreo internacional de viajeros, servicios regulares"
A03-741.4,Transporte aéreo internacional de mercancías (servicios regulares).
A03-742.1,Transporte aéreo nacional de viajeros (servicios no regulares).
A03-742.2,Transporte aéreo nacional de mercancías (servicios no regulares)
A03-742.3,Transporte aéreo internacional de viajeros chárter (servicios no regulares).
A03-742.4,Transporte aéreo internacional de mercancías chárter  (servicios no regulares).
A03-751.1,Guardia y custodia de vehículos en garajes y locales cubiertos
A03-751.2,"Guardia y custodia de vehículos en los denominados aparcamientos subterráneos o ""parkings""."
A03-751.3,Guardia y custodia de vehículos en solares o terrenos sin edificar
A03-751.4,"Explotación de autopistas, carreteras, puentes y túneles de peaje"
A03-751.5,Engrase y lavado de vehículos
A03-751.6,Servicios de carga y descarga de mercancías
A03-752.1,Servicios de pilotaje y prácticos en  puertos
A03-752.2,Servicios de transbordo de unos barcos a otros
A03-752.3,Servicios de remolque de navíos
A03-752.4,"Servicios de limpieza, desinfección y similares a cargo de personal ajeno al barco"
A03-752.5,Servicios de salvamento y recuperación de barcos
A03-752.6,Servicios de carga y descarga de buques
A03-752.7,"Servicios de explotación y mantenimiento de puertos, canales, diques, etc."
A03-752.8,Servicios de señales marítimas y costeras
A03-753.1,Terminales de líneas de transporte aéreo en aeropuertos
A03-753.2,Servicio de control de navegación aérea
A03-753.3,Servicios de hangares y estacionamiento de aeronaves
A03-753.4,"Servicios de remolque, limpieza y mantenimiento de aeronaves"
A03-753.5,Explotación integral de aeropuertos
A03-753.9,Otros servicios anexos al transporte aéreo no clasificados en otras partes
A03-754.1,Depósitos y almacenes generales
A03-754.2,Depósitos y almacenes de vehículos
A03-754.3,Silos y otros almacenes de granos
A03-754.4,Almacenes frigoríficos
A03-754.5,Almacenes y depósitos de líquidos
A03-754.6,Guardamuebles
A03-754.9,Otros depósitos y almacenes especiales no clasificados en otras partes
A03-761.1,Servicio de telefonía fija
A03-761.2,Servicio de telefonía móvil
A03-819.1,Instituciones de crédito
A03-819.2,Establecimientos financieros de crédito
A03-819.3,Establecimientos financieros de crédito que realicen la actividad de préstamos y crédito
A03-819.4,"Establecimientos financieros de crédito que realicen la actividad de ""factoring"", con o sin recurso."
A03-819.5,Establecimientos financieros de crédito que realicen la actividad de arrendamiento financiero
A03-819.6,Entidades de cambio de moneda
A03-819.9,Otras entidades financieras no clasificados en otras partes
A03-831.1,Servicios de compra y venta y contratación de valores mobiliarios
A03-831.2,Servicios financieros  de contratación de productos
A03-831.3,Servicios de compensación bancaria
A03-831.9,Otros servicios financieros no clasificados en otras partes
A03-832.1,Agencias de seguros y corredurías de seguros
A03-832.2,Servicios de tasación y tarificación de seguros
A03-832.9,Otros servicios auxiliares de seguros no clasificados en otras partes
A03-833.1,Promoción de terrenos
A03-833.2,Promoción de edificaciones
A03-843.1,Servicios técnicos de ingeniería
A03-843.2,Servicios técnicos de arquitectura y urbanismo
A03-843.3,Servicios técnicos de prospecciones y estudios geológicos
A03-843.4,Servicios técnicos de topografía
A03-843.5,Servicios técnicos de delineación
A03-843.6,Inspección técnica de vehículos
A03-843.9,Otros servicios técnicos no clasificados en otras partes
A03-849.1,Cobros de deudas y confección facturas
A03-849.2,"Servicios mecanográficos, taquigráficos,  de reproducción de escritos, planos y documentos"
A03-849.3,Servicios de traducción y similares
A03-849.4,"Servicios de custodia, seguridad y protección"
A03-849.5,"Servicios de mensajería, recadería y reparto y manipulación de correspondencia"
A03-849.6,Servicios colocación y suministro de personal
A03-849.7,Servicios de gestión administrativa
A03-849.8,Multiservicios intensivos en personal
A03-849.9,Otros servicios independientes no clasificados en otras partes
A03-854.1,Alquiler automóviles sin conductor
A03-854.2,"Alquiler automóviles sin conductor en régimen de ""renting""."
A03-855.1,Alquiler de aeronaves de todas clases
A03-855.2,Alquiler de embarcaciones
A03-855.3,Alquiler de bicicletas
A03-855.9,Alquiler otros medios transporte no clasificados en otras partes.
A03-856.1,Alquiler de bienes de consumo
A03-856.2,Alquiler de películas de video
A03-857.1,"Alquiler de basculas, balanzas y demás aparatos de pesar y medir, excepto los denominados contadores de medida"
A03-857.2,Servicios de pesa a medida sin alquiler del aparato
A03-857.3,Alquiler de contadores para automóviles
A03-857.4,"Alquiler, lectura y  conservación de contadores de energía eléctrica"
A03-857.5,Lectura y conservación por un tanto alzado de contadores de energía eléctrica
A03-857.6,"Alquiler, lectura y conservación de contadores de gas"
A03-857.7,Lectura y conservación por un tanto alzado de contadores de gas
A03-857.8,"Alquiler, lectura y conservación de contadores de agua"
A03-857.9,Lectura y conservación por un tanto alzado de contadores de agua
A01-861.1,Alquiler de viviendas
A01-861.2,Alquiler de locales industriales y otros alquileres no clasificados en otras partes
A03-921.1,"Servicios de limpieza de calles, vías públicas y jardines"
A03-921.2,Servicios de recogida de basuras y desechos
A03-921.3,Exterminio de animales dañinos y desinfección de cualquier clase
A03-921.4,"Servicios de alcantarillado, evacuación y depuración de aguas residuales"
A03-921.5,Servicios incineración y eliminación de basuras y desechos
A03-921.6,"Servicios de protección y acondicionamiento ambiental: Contra ruidos, vibraciones, contaminación, etc."
A03-921.7,Servicios de protección contra incendios y accidentes
A03-921.8,Servicios de  administración de cementerios
A03-921.9,Otros servicios de saneamiento y similares no clasificados en otras partes
A03-931.1,"Guardería y enseñanza de educación infantil, exclusivamente"
A03-931.2,"Enseñanza de Educación Básica: Educación Primaria y/o Educación Secundaria Obligatoria, exclusivamente"
A03-931.3,"Enseñanza de Bachillerato, Orientación Universitaria, Formación Profesional y ciclos formativos de Formación Profesional Específica de Grado Medio y Grado Superior, exclusivamente"
A03-931.4,Enseñanza de más de una modalidad de las recogidas en los epígrafes anteriores
A03-931.5,Enseñanza de Educación Superior
A03-932.1,"Enseñanza de formación y perfeccionamiento profesional, no superior."
A03-932.2,Enseñanza de formación y perfeccionamiento profesional superior
A03-933.1,"Enseñanza de conducción de vehículos terrestres, acuáticos, aeronáuticos, etc."
A03-933.2,Promoción de cursos y estudios en el extranjero
A03-933.9,"Otras actividades de enseñanza, tales como idiomas, corte y confección, mecanografía, taquigrafía, preparación de exámenes y oposiciones y similares no clasificado en otras partes"
A03-935.1,Colegios mayores
A03-935.2,Residencias de estudiantes
A03-941.1,Hospitales generales
A03-941.2,"Hospitales especializados (quirúrgicos, maternidades, infantiles, psiquiátricos, etc.)"
A03-942.1,"Consultorios médicos, centros de socorro, sanitarios y clínicos de urgencia"
A03-942.2,Balnearios y baños
A03-942.9,"Otros servicios sanitarios sin internado, no clasificados en este grupo"
A03-961.1,Producción de películas cinematográficas (incluso vídeos).
A03-961.2,"Doblaje, sincronización y montaje de películas o cintas cinematográficas (incluso videos), siempre que no se efectué por la propia empresa productora"
A03-961.3,Decoraciones escénicas para películas o cintas cinematográficas siempre que no se efectúe por la empresa productora
A03-962.1,"Distribución y venta de películas cinematográficas, excepto de películas en soporte de cinta magnetoscópica."
A03-962.2,Distribución y venta al por mayor de películas cinematográficas en soporte de cinta magnetoscópica.
A03-963.1,Exhibición de películas cinematográficas y videos
A03-963.2,Exhibición de películas cinematográficas y videos al aire libre
A03-963.3,Exhibición de películas cinematográficas y videos fuera de establecimiento permanente
A03-963.4,"Exhibición de películas cinematográficas y videos en establecimientos distintos de los especificados en los epígrafes 963.1, 963.2 y 963.3 anteriores"
A03-964.1,Servicios de radiodifusión
A03-964.2,Servicios de televisión
A03-964.3,Servicios de enlace y transmisíón de  señales de televisión
A03-965.1,Espectáculos en salas y locales excepto espectáculos taurinos
A03-965.2,Espectáculos al aire libre (excepto espectáculos taurinos).
A03-965.3,Espectáculos fuera de establecimiento permanente (excepto espectáculos taurinos).
A03-965.4,Empresas de espectáculos
A03-965.5,Espectáculos taurinos
A03-966.1,Bibliotecas y museos
A03-966.2,"Parques zoológicos, jardines botánicos y similares"
A03-966.9,Otros servicios culturales no clasificados en otras partes
A03-967.1,Instalaciones deportivas
A03-967.2,Escuelas y servicios de perfeccionamiento del deporte
A03-967.3,Alquiler de artículos para deporte en instalaciones deportivas
A03-968.1,Instalaciones para la celebración de espectáculos deportivos
A03-968.2,Organización de espectáculos deportivos en instalaciones que no sean de la titularidad de los organizadores
A03-968.3,Organización de espectáculos deportivos por Federaciones españolas y de ámbito autonómico y clubes no profesionales
A03-969.1,Salas de baile y discotecas
A03-969.2,Casinos de juego
A03-969.3,Juegos de bingo
A03-969.4,Maquinas recreativas y de azar
A03-969.5,"Juegos de billar, ping-pong, bolos y otros."
A03-969.6,Salones recreativos y de juego
A03-969.7,Otras maquinas automáticas
A03-971.1,"Tinte, limpieza en seco, lavado y planchado de ropas hechas y de prendas y artículos del hogar usados"
A03-971.2,Limpieza y teñido del calzado
A03-971.3,Zurcido y reparación de ropas
A03-972.1,Servicios de peluquería señoras y caballeros
A03-972.2,Salones e institutos de belleza y gabinetes de estética
A03-973.1,Servicios fotográficos
A03-973.2,"Máquinas automáticas, sin operador, para fotografías de personas y para copia de documentos"
A03-973.3,Servicios de copias de documentos con maquinas fotocopiadoras
A03-979.1,Servicios de pompas fúnebres
A03-979.2,Adorno de templos y otros locales
A03-979.3,Agencias matrimoniales y otros servicios de relaciones sociales
A03-979.4,Adiestramiento de animales y otros servicios de atenciones a animales domésticos
A03-979.9,Otros servicios personales no clasificados en otras partes
A03-981.1,"Curiosidades, bien naturales o artificiales, en parques, castillos, grutas, cuevas, etc"
A03-981.2,Jardines de recreo en los que la entrada es por precio
A03-981.3,"Parques de atracciones, incluidos los acuáticos y análogos, de carácter estable"
A03-982.1,Tómbolas y rifas autorizadas en establecimientos permanentes
A03-982.2,Tómbolas y rifas autorizadas fuera de establecimiento permanente
A03-982.3,Exposición de figuras de cera en establecimiento permanente
A03-982.4,"Otras atracciones, comercio al por menor y servicios de restauración propios de ferias y verbenas, fuera de establecimiento permanente"
A03-982.5,"Organización y celebración de Apuestas Deportivas, Loterías y otros juegos"
A03-989.1,Expedición de billetes de espectáculos públicos
A03-989.2,"Servicios de organización de congresos, asambleas y similares"
A03-989.3,Parques o recintos feriales
